{
    "desk_plane": [
        -0.02397281952604496,
        -0.9332461781791369,
        -0.3584367249676573,
        0.26449356684764086
    ],
    "board_origin": [
        -0.18087038638872038,
        0.09211634489167879,
        0.5101662077756339
    ],
    "board_rotation": [
        [
            0.9948781245735335,
            -0.09819766027028036,
            -0.02397281952604496
        ],
        [
            -0.05748864153890783,
            -0.3546077381237167,
            -0.9332461781791371
        ],
        [
            0.08314164226938156,
            0.9298443552446303,
            -0.3584367249676574
        ]
    ]
}