{
    "desk_plane": [
        -0.034016339950890706,
        -0.9795797010314174,
        -0.19815780528633092,
        0.2663889861332523
    ],
    "board_origin": [
        -0.13439035638055485,
        0.1376119179073033,
        0.6871221036169566
    ],
    "board_rotation": [
        [
            0.9993873767199594,
            -0.00822916658476847,
            -0.034016339950890706
        ],
        [
            -0.03497244399442928,
            -0.1979913089441768,
            -0.9795797010314173
        ],
        [
            0.001326184799465588,
            0.9801692042209214,
            -0.19815780528633103
        ]
    ]
}